seed,dataset_id,regret
0,openml_1050,0.026300246383425097
0,openml_11,0.04029084539908459
0,openml_1169,0.0049230714814443004
0,openml_1478,0.16968590171012754
0,openml_1486,0.0959511715413297
0,openml_1489,0.07616024122131002
0,openml_1494,0.0377919202063704
0,openml_1497,0.04782993409023201
0,openml_182,0.1930594194757539
0,openml_23,0.014162177351545402
0,openml_23517,0.00010793511674950002
0,openml_31,0.015945662486691402
0,openml_36,0.15944034814014496
0,openml_37,0.0438040241338208
0,openml_38,0.039232715124115206
0,openml_40496,0.1419312511247131
0,openml_40701,0.007216019584979
0,openml_40975,0.06529624063151632
0,openml_40983,0.1543005301173716
0,openml_40984,0.1716139469004892
0,openml_40994,0.0224808044345485
0,synth_aniso_10d_6k,0.0430991858630404
0,synth_aniso_2d_4k,0.015001192345428849
0,synth_blobs_5d_k12,0.02296953296209525
0,synth_blobs_5d_k4,0.0
0,synth_blobs_many_2d,0.21566169582990946
0,synth_blobs_overlap_2d,0.05984878109517755
0,synth_circles_n0.15_f0.7,0.1664583036344528
0,synth_density_varying_d2,0.19552363779849602
0,synth_ellipsoidal_d10_k8,0.016737776296310347
0,synth_ellipsoidal_d20_k5,0.08607091989790738
0,synth_grid_d5_k10_medoverlap,0.00336710289869524
0,synth_grid_d5_k3_lowoverlap,0.019396334347610233
0,synth_grid_d5_k3_medoverlap,0.0385829256134852
0,synth_imb_extreme_d5,0.22287698745417583
0,synth_imb_moderate_d15,0.0
0,synth_imb_one_large_10d,0.0
0,synth_nested_rings_5,0.3562368760293567
0,synth_noisy_15pct_d10,0.0
0,synth_s_curve_k4,0.3457749266480044
0,synth_subspace_2of20,0.15097820781266968
0,synth_subspace_2of50,0.0
0,synth_swiss_roll_k5,0.0
0,text_20ng_all,0.04777753522476441
0,text_20ng_rec,0.0
0,text_20ng_science,0.02794454716946687
1,img_fashion_mnist_2k,0.054676055019087455
1,img_mnist_digits_2k,0.0
1,openml_1067,0.0502736010861229
1,openml_1068,0.083365519141283
1,openml_11,0.03354998111710039
1,openml_1504,0.025335174328123267
1,openml_1596,0.03931719768745881
1,openml_182,0.10273928154456657
1,openml_23,0.0200194559887399
1,openml_23381,0.0007455057566975001
1,openml_23517,0.0002494692409755
1,openml_29,0.0179858233908059
1,openml_36,0.17369264711565008
1,openml_40701,0.0168668133816591
1,openml_40966,0.24671857921056978
1,openml_40983,0.1543005301173716
1,openml_40984,0.08489463851537904
1,openml_4534,0.1072455848433238
1,openml_6332,0.018088468516668794
1,synth_blobs_20d_15k,0.0
1,synth_blobs_50d_20k,0.0
1,synth_blobs_5d_k2,0.016583882639023773
1,synth_blobs_varying_std,0.08259474101909492
1,synth_circles_n0.05_f0.5,0.0
1,synth_ellipsoidal_d3_k3,0.09865465967677689
1,synth_elongated_10d,0.0
1,synth_grid_d15_k10_highoverlap,0.009797374906269418
1,synth_grid_d2_k10_highoverlap,0.026441716153440264
1,synth_grid_d2_k6_medoverlap,0.03132246111292403
1,synth_grid_d30_k3_medoverlap,0.018913715594119584
1,synth_grid_d5_k10_highoverlap,0.047882776714321396
1,synth_grid_d5_k10_lowoverlap,0.00397972585421158
1,synth_grid_d5_k3_lowoverlap,0.004775300156228401
1,synth_grid_d5_k3_medoverlap,0.0
1,synth_imb_extreme_5d,0.16191244147313133
1,synth_imb_one_large_10d,0.0
1,synth_moons_noise0.15,0.3265984114109135
1,synth_noisy_25pct_d2,0.059663357317053745
1,synth_noisy_5pct_d10,0.0
1,synth_s_curve_k4,0.15005474341979685
1,synth_spirals_3arms_n0.05,0.0786031227789939
1,synth_spirals_3arms_n0.20,0.023027339644156403
1,synth_subspace_5of50,0.054636258164935225
1,synth_uniform_noise_10d,0.2261316554463545
1,synth_uniform_noise_2d,0.8302448777754561
1,synth_varying_density_15d,0.0283053100858508
2,img_fashion_mnist_5k,0.009510733467166799
2,openml_14,0.0
2,openml_1457,0.011228291044220906
2,openml_1468,0.031160559586604242
2,openml_1475,0.02658402825225338
2,openml_1487,0.0180605696303365
2,openml_1489,0.07616024122131002
2,openml_151,0.0313514006998402
2,openml_1590,0.06820475191862001
2,openml_16,0.08109452384725457
2,openml_182,0.09800543354791791
2,openml_307,0.10124676760201795
2,openml_32,0.021508797689236858
2,openml_36,0.15944034814014496
2,openml_375,0.17482086233394922
2,openml_40499,0.27958251896245956
2,openml_40966,0.2809896280538437
2,openml_40984,0.08489463851537904
2,openml_4135,0.006716218145853501
2,openml_469,0.0103012680943995
2,openml_679,0.0627825949055816
2,synth_blobs_30d_10k,0.010810274428993627
2,synth_blobs_50d_20k,0.0
2,synth_blobs_5d_k12,0.02296953296209525
2,synth_blobs_5d_k20,0.0
2,synth_blobs_5d_k8,0.006119822531038377
2,synth_blobs_easy_10d,0.0
2,synth_blobs_highd_100,0.0
2,synth_blobs_large_20d,0.003124611916131559
2,synth_density_varying_d2,0.09977070373510866
2,synth_density_varying_d5,0.0
2,synth_ellipsoidal_d10_k8,0.0315401469808112
2,synth_ellipsoidal_d20_k8,0.01316053110053561
2,synth_ellipsoidal_d3_k5,0.03355532663122962
2,synth_grid_d2_k6_highoverlap,0.015857648413111103
2,synth_grid_d30_k10_medoverlap,0.007414365251280364
2,synth_grid_d30_k3_lowoverlap,0.018117359189973592
2,synth_grid_d5_k10_highoverlap,0.047882776714321396
2,synth_grid_d5_k10_lowoverlap,0.00397972585421158
2,synth_grid_d5_k6_medoverlap,0.021514487366160018
2,synth_imb_many_small_d15,0.0
2,synth_mixed_shapes_2d,0.033676405986291624
2,synth_moons_noise0.05,0.5913762088675881
2,synth_noisy_15pct_d10,0.02211563038383635
2,synth_spirals_2arms_n0.10,0.1315853858397672
2,synth_uniform_noise_10d,0.2261316554463545
3,openml_1040,0.4176640938927199
3,openml_1050,0.026300246383425097
3,openml_1053,0.0195070498826247
3,openml_1063,0.06096396319257941
3,openml_1120,0.09245774443261401
3,openml_1169,0.0058933331006877
3,openml_14,0.0
3,openml_1478,0.08883308886492358
3,openml_1486,0.0698577767249165
3,openml_1497,0.04782993409023201
3,openml_1504,0.1653374422636988
3,openml_1558,0.027975206190393696
3,openml_188,0.11520556104768759
3,openml_23381,0.0018447732926862
3,openml_28,0.14409683526835726
3,openml_300,0.03494233615359177
3,openml_32,0.06203046630416775
3,openml_37,0.029633316237208204
3,openml_38,0.039232715124115206
3,openml_40900,0.4657049826737885
3,openml_40975,0.04613843609577942
3,openml_40979,0.0065558432341357165
3,openml_40983,0.1575382674811126
3,openml_41026,0.06870766418826785
3,openml_41027,0.006465827492646389
3,openml_469,0.005664165678456899
3,synth_aniso_5d_3k,0.022573531040556816
3,synth_blobs_5d_k20,0.006742755509553833
3,synth_blobs_easy_2d,0.22062335751146678
3,synth_blobs_highd_100,0.0
3,synth_blobs_overlap_2d,0.08412391211864989
3,synth_grid_d15_k10_highoverlap,0.0013799257041196
3,synth_grid_d15_k6_lowoverlap,0.018671388304615233
3,synth_grid_d2_k10_lowoverlap,0.009335607475619567
3,synth_grid_d2_k10_medoverlap,0.03142489354598099
3,synth_grid_d2_k3_highoverlap,0.1433389799655509
3,synth_grid_d30_k10_medoverlap,0.0015304904550688114
3,synth_grid_d30_k3_medoverlap,0.0
3,synth_grid_d5_k3_lowoverlap,0.019396334347610233
3,synth_mixed_shapes_2d,0.0
3,synth_moons_plus_blob,0.1807930084707342
3,synth_noisy_5pct_d10,0.020094543612158455
3,synth_subspace_5of200,0.0
3,synth_uniform_noise_10d,0.2261316554463545
3,synth_varying_density_2d,0.0713740337232649
3,text_20ng_comp,0.03022475810308889
4,openml_1038,0.05371080543836569
4,openml_1049,0.024090695264803806
4,openml_1063,0.0834344411018209
4,openml_1457,0.011228291044220906
4,openml_1464,0.011484790629563806
4,openml_1468,0.20574651637732688
4,openml_1485,0.011440609906217297
4,openml_29,0.0663239593943072
4,openml_300,0.19465228146390412
4,openml_307,0.06342847996122136
4,openml_40478,0.09318404038272081
4,openml_40685,0.17389239473707607
4,openml_40701,0.0168668133816591
4,openml_40979,0.0
4,openml_40994,0.0224808044345485
4,openml_44,0.3207315371761483
4,synth_aniso_10d_6k,0.047005629730510035
4,synth_aniso_2d_4k,0.032310954613310794
4,synth_blobs_20d_15k,0.0
4,synth_blobs_5d_k20,0.0
4,synth_blobs_highd_50,0.03262324723042942
4,synth_blobs_varying_std,0.02291124719731019
4,synth_ellipsoidal_d10_k3,0.0
4,synth_ellipsoidal_d10_k5,0.003923940657830749
4,synth_ellipsoidal_d20_k3,0.008466048968418183
4,synth_elongated_10d,0.0
4,synth_grid_d15_k6_highoverlap,0.0
4,synth_grid_d15_k6_medoverlap,0.0
4,synth_grid_d2_k10_lowoverlap,0.0
4,synth_grid_d2_k6_highoverlap,0.015857648413111103
4,synth_grid_d2_k6_lowoverlap,0.015935296707448754
4,synth_imb_many_small_d5,0.0
4,synth_imb_mild_d5,0.008466134073893627
4,synth_moons_noise0.30,0.0932427324466924
4,synth_nested_rings_3,0.0
4,synth_nested_rings_5,0.3562368760293567
4,synth_noisy_15pct_d2,0.04746001031761071
4,synth_noisy_20pct_5d,0.0829357298114568
4,synth_noisy_5pct_d10,0.020094543612158455
4,synth_noisy_5pct_d2,0.09618369376049896
4,synth_s_curve_k3,0.2251933119186989
4,synth_spirals_3arms_n0.05,0.0742453108069972
4,synth_spirals_3arms_n0.20,0.023027339644156403
4,synth_subspace_3of100,0.319245465236896
4,synth_swiss_roll_k5,0.0898070921200278
4,text_20ng_rec,0.2067762268460386
