dataset_id,rho_predicted,rho_Silhouette,rho_Calinski-Harabasz,rho_Davies-Bouldin (neg),rho_CH Adjusted (Jeon)
openml_31,0.5368776144778619,-0.1786344167296548,0.07666231475755285,-0.004420623468242515,0.30759502144338324
synth_imb_extreme_d15,0.9376787596134056,0.6627459134753372,0.7464422259983007,0.7543011894647408,0.93424174207687
synth_subspace_5of50,0.9140380983028221,-0.03066031794019096,0.7581437533066282,-0.49089260071045254,0.23603077828094365
openml_1485,0.7478792246595499,0.015317286652078778,0.6960855823000245,-0.021800794229678264,0.21363367073663603
synth_varying_density_15d,0.9474306401845798,0.676641119626791,0.7770759856069274,0.5412195934688436,0.6947807503884406
openml_1475,0.6048448975117833,0.08129635719244399,0.4862070225437538,-0.024261025247542835,0.5375189418081564
img_mnist_digits_5k,0.9195505452220843,-0.5593749173695761,0.4710066368756445,-0.2702080964594516,0.2203205702814906
openml_1486,0.4827067669172932,-0.8421052631578947,-0.3233082706766917,-0.6541353383458646,
img_mnist_digits_2k,0.9438815276695246,-0.5004921865386983,0.4789590254706535,-0.262150855174111,0.03221319572489132
synth_spirals_2arms_n0.10,0.4055522772503886,0.02960949385872266,-0.2029404894976421,0.5578159731489272,0.10964973159886791
openml_1053,0.2949307333929838,-0.6606936185497065,0.013569062537414692,-0.5834297801013687,-0.5818181818181819
openml_23381,-0.5393830751504473,0.367599605670335,-0.03748847536154354,0.2442322472643107,-0.09969368407992175
synth_moons_noise0.05,0.832765001535304,-0.6229967749937981,-0.6830811213098487,-0.6474075911684445,-0.7172209413996388
openml_54,0.6152088858155605,-0.8173303915431869,-0.03153785623186352,-0.7661045193857571,-0.020245678040868506
openml_16,0.9400687897458738,0.16997277323998444,0.23635420718267858,-0.1152599507325295,0.10365437196252865
openml_12,0.9271828389475447,0.28407487895077965,0.17846658279004154,-0.08193221243661596,0.605092623306914
openml_188,0.6846648094172211,-0.07475542976681226,0.19700978280932746,-0.17873623331077337,-0.00540610121610603
synth_moons_noise0.30,0.7128725830202349,0.1726213388389264,0.35469083528711903,-0.24183784162088395,-0.19508145095222543
openml_40984,0.6731375216327101,-0.16539304543569694,0.481813873585688,-0.3667436763224927,0.1899612771346257
synth_ellipsoidal_d3_k8,0.8788873937958485,0.04503488323515896,0.6492605904236485,-0.003216777373939925,0.21539202670526972
openml_1040,0.7025780894863303,-0.5238095238095238,0.5686918445539135,-0.6776135741652982,
openml_23517,0.6667828511676542,-0.029927760577915376,0.25696594427244585,-0.6883384932920537,
synth_grid_d30_k3_lowoverlap,0.9452745137763373,0.9088903970139124,0.84577536477774,0.8864947404139802,0.8264323768576501
openml_37,0.7585284758920569,-0.5144561725562184,0.51616075526126,-0.5339933127909263,0.30683949488227746
openml_151,-0.04935064935064935,-0.014285714285714285,0.40649350649350646,-0.34935064935064936,
openml_61,0.8524955295547333,0.5301985659128517,0.580851259422688,0.3488233131090275,0.3400782421666287
synth_grid_d2_k10_lowoverlap,0.6994138134013539,0.39106571353042036,0.9208795433937434,0.39820367767876974,0.5062897019105984
openml_469,0.24392171447166566,0.5452021587375171,0.3910260299447373,0.47645114372603453,0.6821459588808471
openml_4538,0.4958989182199376,-0.6009432666330875,0.025275882595356926,-0.4408168872201108,0.021114337674342922
synth_blobs_large_2d,0.8614793909034827,0.16565360497801696,0.9611385051545712,0.2714302982920212,0.7646398563627642
openml_1558,0.566481738123814,-0.4802179202369618,0.07198772876335556,-0.23341796255157093,-0.20877807494279207
openml_1590,0.21804511278195485,-0.39097744360902253,0.4330827067669173,-0.7037593984962407,
openml_40975,0.1115245696583591,0.25371787532464496,-0.5078771246055132,0.17434633871266375,0.2870166899742693
synth_grid_d2_k3_medoverlap,0.8611547933208066,0.3797229443395891,0.6436736583455006,0.2849257505074606,0.4424678612096042
synth_subspace_5of200,0.9326574450327684,0.11730591801766178,0.8844075392118095,-0.2738895479109002,0.08970629988544375
synth_grid_d5_k3_lowoverlap,0.9708407459215783,0.854868980420098,0.8033830811584998,0.8468845361495828,0.7164874111999874
openml_6332,0.7202765174827177,-0.711969547441139,0.04229522064006767,-0.20372197941632592,-0.050010124531844176
synth_grid_d2_k3_lowoverlap,0.9264804498861794,0.8355259576475711,0.7621184155168618,0.7956776570070224,0.7067949166687478
openml_22,0.9124260731558718,-0.49354022831362365,0.30254972998837926,-0.44336591701414996,0.7153041628716315
synth_grid_d30_k10_medoverlap,0.9715073878788149,0.8273674144984708,0.96613515009844,0.7063655121040042,0.6969038939113797
openml_15,0.691941970272916,-0.054176540432904624,0.5231635085434453,-0.20544983339503883,0.03496503496503497
synth_grid_d2_k10_highoverlap,0.8220983502708784,0.006112809113642679,0.7698249513753822,-0.37227007502083914,0.7203137153227898
synth_grid_d15_k10_highoverlap,0.9675484192448952,0.704534486597113,0.7479406051955233,0.6019255595277507,0.6298190750148598
openml_181,0.7328410894452655,-0.6692235794630482,0.33215489372315105,-0.6693847294292068,-0.2160058123502312
openml_1471,0.38710790073689016,-0.7634638196915776,-0.04580498866213152,-0.7482993197278912,
synth_nested_rings_5,0.8276409946915299,-0.2238399555432065,-0.23695470964156712,-0.02961933870519589,0.5661654135338346
synth_ellipsoidal_d10_k5,0.9466790062715366,0.6588648335971978,0.7523956723338484,0.587941617198518,0.5945310905678526
openml_40536,0.703086633626079,-0.29470514237792095,0.4312507147485991,-0.3497503144893836,-0.18304237405515156
synth_uniform_noise_2d,0.755497602573399,0.1867362484198243,0.3210592849502447,-0.4362581439823668,0.23204306672766203
synth_grid_d15_k3_highoverlap,0.9518824846662327,0.5851699882766705,0.7217860518743987,0.55978898007034,0.6373507895896261
synth_blobs_easy_2d,0.8764111687778618,0.647686495791477,-0.49596867535053907,-0.1354724706180876,-0.5289256927301768
synth_grid_d5_k3_highoverlap,0.9371834653128603,-0.14945359396644603,0.22388794828382327,-0.2983838694782207,-0.38862834408914393
openml_41026,0.8770285073752324,-0.6515306122448978,0.5807142857142856,-0.5993877551020408,0.15718050065876152
openml_1468,0.8276089870392533,-0.7279506062484252,0.2812909026251634,-0.660488114670727,-0.35511760511585383
synth_noisy_15pct_d10,0.9437078434219063,0.7163749906199206,0.7364740881367557,0.2721969230311747,0.47779390001763916
synth_blobs_5d_k12,0.8856401894898381,0.49180641900218347,0.6864569108785445,0.36904739458912633,0.6541928114771389
synth_ellipsoidal_d10_k8,0.9749067598924226,0.7559639714457305,0.9062382851395872,0.6626040380977466,0.8492492637026723
synth_moons_plus_blob,0.7958817963662876,0.008779352654960864,-0.2606833086524223,-0.2797757562936324,-0.12308118274748808
synth_subspace_2of50,0.8965277321956022,-0.10719131614654005,0.7932650795608734,-0.39817441717034663,0.43707491018578876
synth_blobs_varying_std,0.666453796878476,0.4118433782937795,0.5549200387001307,0.3334471572477377,0.23185584204995976
openml_4534,0.40090145714991354,-0.11066778197930652,-0.32846644457945556,0.12256112620400099,
openml_6,0.677391304347826,-0.2932986315336404,0.07397739964498347,-0.19043478260869565,
openml_40668,0.6926605504587154,-0.34642857142857136,-0.35357142857142854,0.807142857142857,
synth_blobs_well_separated,0.9644111401392256,0.7786843804190933,0.8266593107030038,0.71286969759336,0.7100877325897754
openml_40927,0.7072088724584104,-0.16785714285714282,0.6392857142857141,0.5535714285714285,
synth_grid_d2_k6_medoverlap,0.963904316144791,-0.44207163275601136,0.6832496576905522,-0.5252828557015542,0.5528946376682176
synth_ellipsoidal_d20_k8,0.9726663280830279,0.5795930518888744,0.7333665984233583,0.5428195181864887,0.6632452361297226
openml_1494,0.8478644884768647,-0.824030404322542,0.34955812995100505,-0.7941297678465131,-0.46870899183694986
openml_1480,0.752463889532198,-0.5050449120216564,0.19429063615110131,-0.7118247815922236,-0.6468408469051329
synth_spirals_3arms_n0.20,0.3588019072349542,0.23139761044734655,-0.045345929424840246,0.7559877743817728,0.2586206896551725
synth_blobs_many_2d,0.010755358649567212,0.43224523102202267,0.7833184910566109,0.1323584456209571,0.7183825783689451
openml_1063,0.6970029648381905,-0.7212478075670258,-0.07187004092541552,-0.602981708844901,-0.7071577811908877
openml_458,0.9028944607850709,-0.35808708363788244,0.6058891093244232,-0.3768403466638823,-0.23019581689909688
openml_40983,0.5914431534033215,-0.5752968173201637,0.55961289035219,-0.8628354783996807,-0.3780008475103609
openml_1457,0.8265081015290209,-0.826482213438735,0.45704874835309617,-0.3014492753623188,0.1236842105263158
synth_grid_d5_k10_medoverlap,0.9732304181278585,0.15443204202232436,0.6778726198292844,0.03103523746990589,0.6584891008125013
openml_40685,0.5622529644268774,-0.40389610389610386,0.14805194805194805,-0.2,
openml_1476,0.3919895722241973,-0.26164345292732566,0.2235092385218365,-0.47669372900335943,
openml_36,0.907665386140238,-0.33798353426449135,0.44646959204547365,-0.5522057713912037,0.2353921010201745
synth_varying_density_2d,0.8469700773482465,-0.04507448342143201,0.09716482460355601,-0.20398846708313315,0.3592608498241743
openml_1466,0.943247743405486,-0.23083337966309003,0.31183632623561464,-0.5687440929560238,0.12194460332406834
openml_1050,0.8193141442772166,-0.7663507240737137,0.09342079662006281,-0.8331596137278778,-0.21613132140541202
openml_1510,0.9166003184713375,-0.19516720213584324,0.9068736141906872,-0.5738268699941174,-0.7153881395610902
synth_grid_d30_k6_medoverlap,0.9760117898405355,0.7496885153787897,0.8840390470881052,0.6818703735372438,0.6296279405773254
synth_varying_density_5d,0.9250917256183695,0.6703056065436511,0.6671335408795501,0.614594403117251,0.7162232526404105
openml_1067,0.4842029102017846,-0.662496258605208,0.09352489274668263,-0.5671954504639329,-0.40620236111530367
synth_subspace_3of100,0.9244634066294715,0.10546441346984088,0.9005797458986061,-0.36622671765141235,0.5290300105196739
openml_23,0.5316615327172359,-0.4803342457859098,0.06708927628103539,-0.37256879412188443,0.29312363294157484
text_20ng_politics,0.8766759964310594,-0.7370218579234973,0.31480532786885246,-0.7058572404371586,0.18520777141451727
openml_38,0.32187741539507075,-0.7166811992756053,0.19310483600509756,-0.49748474076061433,-0.10042836758451375
openml_1515,0.7689428864955481,-0.847758190366183,0.024796963110308396,-0.8362247191520861,0.5500519852933158
synth_circles_n0.10_f0.3,0.851830769791854,-0.15448551744573671,-0.42656493073560997,-0.3024372175716719,-0.41165308928413685
synth_nested_rings_3,0.8897023656230455,-0.23801283437883045,-0.39077068487266853,-0.16635439802933727,-0.08941166560891724
synth_noisy_20pct_5d,0.8256030718751547,0.8151268689426776,0.7433643403302002,0.5066965372814494,0.4900738953935249
synth_grid_d30_k3_medoverlap,0.9893195069983731,0.8594904157480788,0.9182257768035929,0.7743852092281327,0.8581422972351812
synth_blobs_5d_k4,0.9366764183004078,0.7135599843688942,0.7985723857526964,0.6972522544395804,0.6864187193876765
openml_18,0.8116406203200057,0.4897060260062223,0.41057196034685145,-0.009196958185458307,0.3436984399819018
synth_noisy_10pct,0.8977850233538379,0.7249120414896336,0.5759973703753302,0.49109458126879385,0.3476856790491856
synth_blobs_overlap_2d,0.8714635211675308,0.36184356164587467,0.46885969629101015,0.3164059782362616,0.24309752791011968
synth_noisy_25pct_d10,0.9078899856168932,0.7767467379113804,0.6969089190274446,0.30549460697028513,0.6552957673815819
synth_grid_d30_k10_lowoverlap,0.9965808283542394,0.8773986453633873,0.9185552422353278,0.7709435725307499,0.8343475621001388
synth_grid_d15_k10_medoverlap,0.9827220042107212,0.6969800547000089,0.9109671916599884,0.6606863465669625,0.6611489795852908
openml_32,0.9215336878661774,0.36683947772657455,0.24212749615975424,-0.03974654377880184,
synth_mixed_shapes_2d,0.9341668605576713,-0.11635289151540736,0.035841810104563276,-0.3800253271422541,-0.1295939267946791
synth_ellipsoidal_d3_k3,0.9252440142650327,0.5186391761593458,0.5031156394166649,0.3369044755886919,0.2678110659662859
synth_swiss_roll_k3,0.7982408312052387,-0.04397260636188159,-0.07707765937756154,-0.132129352970729,0.27320679732310504
synth_circles_n0.15_f0.7,-0.02705481457431621,-0.6001049776922404,-0.2096579476861167,-0.1587087743854431,0.22827041264266903
synth_blobs_30d_10k,0.9825743798179913,0.8904692229350765,0.9581943395076852,0.778897525816629,0.8084715495853652
openml_40496,0.2775863933387917,0.6332918012218551,0.15781860446616475,0.6616842605975229,0.27293389125119755
openml_1462,0.7373191813312878,-0.22645775277354224,-0.13717861086282138,-0.16383616383616384,0.3295103957075788
synth_grid_d30_k6_lowoverlap,0.9849490574013359,0.7564987697718778,0.9113645133577357,0.7123178058313366,0.7338387612646073
openml_28,0.9045657489103861,-0.715545183456502,0.7720731232983274,-0.6350317645533515,-0.16112207659377245
synth_uniform_noise_10d,0.7145751035075708,0.3576950780312125,0.3591356542617047,0.0588235294117647,0.500984393757503
openml_1487,0.8595402721212952,-0.4697957155799748,0.7510009644328842,-0.587281176023614,-0.0550649014570888
synth_ellipsoidal_d20_k3,0.9661303891077221,0.7057590814716022,0.8044756180553442,0.5505611426227446,0.6732913727652177
openml_41143,0.7860653851785229,-0.8526856538490596,0.7236533957845435,-0.8616000604366549,-0.42037418353422396
openml_41027,0.6850305437177193,0.2711111111111111,-0.3807407407407407,0.5733333333333334,
synth_blobs_high_overlap,0.37571810502309677,0.5532441362552044,-0.2681394556311211,-0.1756530500363011,-0.6380932707648528
openml_4135,0.19478260869565217,-0.5591304347826086,-0.7573913043478261,0.7982608695652172,
synth_moons_noise0.15,0.4512576277487239,0.24237038030719696,-0.42752699711583597,-0.29083104165269297,-0.5160329825106681
openml_1049,0.5078305778195111,-0.6534700881989064,0.20848465498663044,-0.6261723270942251,-0.10947980686559682
synth_grid_d5_k6_medoverlap,0.9598390462900516,0.5720939610847867,0.7810080784319172,0.6096783949994958,0.5303933596446787
synth_grid_d5_k6_lowoverlap,0.9693633832301776,0.7740558796438441,0.859969672989876,0.760980856188266,0.712609618170733
synth_aniso_10d_6k,0.9345206543589932,0.7704125208990605,0.8447414678156134,0.7113289122195455,0.6454645201859237
openml_1596,0.7050043898156276,-0.2377450980392157,-0.19117647058823534,-0.34803921568627455,
openml_40994,0.6897125209840071,-0.3605080330004342,-0.05492835432045158,0.17075553625705603,0.30897009966777406
synth_spirals_3arms_n0.05,0.3333722036959965,0.09737203659855594,-0.20523838755882953,0.46984711625595593,0.051410952161420845
openml_14,0.9117859957448903,-0.5842052960776289,0.3428421114163792,-0.6348278482492546,-0.537287588383716
synth_aniso_2d_4k,0.9405819344964713,0.852478689476897,0.8282356419130458,0.7510208505903271,0.7996908143492891
synth_blobs_large_20d,0.9632629468186615,0.9344726291780345,0.904071365878575,0.9018943957688,0.8988366462502586
openml_40979,0.9452391867157198,0.2766462329444334,-0.10605760991365104,0.22470502933227865,0.41194831095533563
synth_density_varying_d5,0.8668071988848526,0.5342444834694968,0.49049400626097583,0.3296556463312209,0.5324366940277223
openml_1501,0.9385430321704065,0.16264105642256904,-0.13623049219687874,0.19039615846338534,0.33260963960052103
synth_blobs_highd_50,0.9447594556649364,0.7386662596803769,0.9196251314868464,0.6544857397731139,0.6615445224214397
synth_grid_d15_k6_highoverlap,0.9226040485028327,0.25139297155322876,0.2766013455409494,0.1539338988666614,0.13462362334734318
synth_imb_many_small_d15,0.9424548967486278,0.6393425182190543,0.7792124901478614,0.5008772482660019,0.837618349099368
openml_1169,0.3376849434290688,0.32631578947368417,0.6771929824561403,-0.0035087719298245615,
synth_blobs_50d_20k,0.9532692795479039,0.8637095448777575,0.9189342433971961,0.7788766414078055,0.8509850404669429
openml_1038,0.6687245667634344,-0.2944477125661795,0.35046834698402646,0.07932485632834065,0.07199257903605091
openml_1478,0.8578286722365749,-0.843514350850529,0.8176769743379902,-0.8373180569357572,-0.627200331423908
synth_elongated_10d,0.9547712351307343,0.7232253051717993,0.8694030414809061,0.6286367076023572,0.6364986808861446
openml_375,0.847215674898616,-0.03953039477511304,0.09521669002353314,-0.0497369047304265,0.676499992389721
synth_grid_d2_k6_highoverlap,0.8981428337266955,-0.01078197076640916,0.3874840215639415,-0.4730728616684267,0.15816425780295687
synth_density_varying_d2,0.7811504625105481,0.2749622166246851,0.5119395465994961,0.06730478589420655,0.5229195964871958
synth_imb_moderate_d5,0.9270790952911457,0.7792540875574395,0.7450931500017811,0.764934278488227,0.32179514599739173
openml_40478,0.6561937226652946,-0.5961780879478232,0.3603595374244113,-0.6248972358733581,0.027196416108990516
openml_29,0.5468553957097438,-0.7552387668748742,-0.2025488615756599,-0.6699073141245215,-0.4952230073704241
synth_imb_one_large_10d,0.9325355566919193,0.70139936991721,0.8482180191132573,0.695227285249394,0.7708387213356939
openml_40966,0.8585446533979845,-0.17758203895634772,0.14073744755341908,0.0011392369890799964,0.5437115249991664
openml_679,0.3580009896792244,-0.2016922263352723,-0.18841882601797988,-0.1468006345848757,0.3222914710151114
synth_blobs_overlap_10d,0.9576978333399315,0.6439048432507761,0.8235756559952111,0.5319348913475225,0.5641003846430365
img_fashion_mnist_5k,0.8814617743783026,-0.4002445259530954,0.7182949872179615,-0.46665555185061686,0.2794473106908878
synth_imb_many_small_d5,0.8942607616006688,0.7168757115986845,0.6419916430228493,0.6945427829954758,0.7425352825143631
synth_blobs_highd_100,0.9777403201149831,0.8791602148361682,0.956394574184324,0.6724326705886838,0.897691827206087
synth_grid_d15_k10_lowoverlap,0.9503662544077445,0.8327272149310293,0.8838011628095004,0.7446340867699658,0.7564547582190898
synth_grid_d30_k3_highoverlap,0.9646942700951608,0.8780773739742086,0.8630626085052076,0.7449250323934102,0.8602893684588641
text_20ng_all,0.7003835618515254,-0.7065754057591932,0.27701299703345966,-0.7162544604405071,-0.07178759755486887
text_20ng_comp,0.7029000080393093,-0.7246376811594204,0.09440798468690184,-0.7217664752529397,-0.43153695211668625
MEAN (+/- std),0.755 +/- 0.253,0.062 +/- 0.552,0.395 +/- 0.416,0.011 +/- 0.528,0.269 +/- 0.435
