dataset_id,mean_regret,std_regret,n_runs,best_ami,worst_ami,ami_range,mean_ami,n_algos
synth_uniform_noise_2d,0.8302448777754561,0.0,79,0.9887080148042984,0.0,0.9887080148042984,0.30653675103216316,5
synth_moons_noise0.15,0.465352972820657,0.0,91,0.8181712258867081,-0.0015424734258113,0.8197136993125194,0.323408843178767,6
synth_subspace_5of200,0.39470222703198365,0.0,78,0.966513196845758,-0.0004806219872126,0.9669938188329705,0.17322129638568173,5
openml_1040,0.3917444804295652,0.0,46,0.4781443563556883,0.0,0.4781443563556883,0.06414708802016626,4
synth_blobs_many_2d,0.3786437507899627,0.0,91,0.9923894055132264,0.0,0.9923894055132264,0.7038524495482797,6
synth_subspace_5of50,0.26579898135504176,0.06097802493621707,91,0.9960669625875376,-0.0006789417866349,0.9967459043741724,0.259880607058592,6
openml_1510,0.2529003792313689,0.03365129393210611,79,0.6606046895884794,0.0,0.6606046895884794,0.20162473547945314,5
synth_moons_noise0.05,0.24852291501880913,0.24852291501880913,91,1.0,0.0,1.0,0.523017492157814,6
openml_40966,0.24671857921056978,0.0,79,0.5295477167201278,0.0,0.5295477167201278,0.14737534035745353,5
synth_blobs_high_overlap,0.2441906191808717,0.018262913061068753,91,0.698235661135203,-1.940960210876992e-15,0.6982356611352049,0.3593271153992713,6
openml_28,0.23489017170073523,0.0,77,0.7662636160192006,-2.162294886156363e-05,0.7662852389680621,0.2161402512948194,5
synth_uniform_noise_10d,0.2261316554463545,0.0,79,0.305118861599334,0.0,0.305118861599334,0.07218555454850945,5
synth_grid_d5_k3_highoverlap,0.2217098676539081,0.0,79,0.9371940561431265,-0.0020441238396358,0.9392381799827623,0.4312642896355386,5
synth_blobs_easy_2d,0.22062335751146678,0.0,91,0.9390940380662604,0.0,0.9390940380662604,0.5708244585982389,6
openml_1468,0.20574651637732688,0.0,78,0.5546359971708771,-0.0017534822623737,0.5563894794332508,0.1459431331476732,5
openml_15,0.2056265643493417,0.12975773469802557,85,0.791492156246441,0.0,0.791492156246441,0.4186904865000291,6
synth_density_varying_d2,0.18254014561916276,0.0,79,0.867055559337169,0.0,0.867055559337169,0.5087668860419449,5
synth_moons_plus_blob,0.1807930084707342,0.0,79,0.7126014799826382,0.0,0.7126014799826382,0.40162143617135027,5
openml_375,0.17482086233394922,0.0,79,0.7333099683064045,0.0,0.7333099683064045,0.22288256118155925,5
openml_40984,0.1718764476226446,0.0006268183382336923,76,0.6533648429254818,0.0012095352378795,0.6521553076876023,0.3749860196604355,5
synth_circles_n0.15_f0.7,0.16584062528290144,0.0013509375428937542,91,0.1654850775773874,-0.0018927900511686,0.167377867628556,0.030821312960727387,6
synth_blobs_overlap_2d,0.16534978658990396,0.0,91,0.7759015258114612,0.0,0.7759015258114612,0.5176193976342451,6
openml_1462,0.1639124325125796,0.0,91,0.6947965429475638,-0.0002085341585844,0.6950050771061481,0.2112203253247985,6
openml_40983,0.1613663947987422,0.007065864681370604,79,0.1704581696725761,-0.0009115591866736,0.1713697288592497,0.021215407994948563,5
openml_41026,0.16029689276174475,0.0,79,0.523278992294045,-0.0001295691136489,0.5234085614076939,0.10089818409183791,5
openml_40496,0.14171339060635207,0.0,73,0.5645872747076498,0.0,0.5645872747076498,0.3878994814311244,5
synth_spirals_2arms_n0.10,0.13600518478203827,0.001348907405491137,79,0.1745885810857469,0.0,0.1745885810857469,0.05521005109115591,5
synth_moons_noise0.30,0.1320775479229373,0.0,91,0.3891776020152315,-0.00087105247406,0.3900486544892915,0.18160360447546472,6
openml_54,0.1282789602656192,0.0,91,0.2909287039603864,0.0,0.2909287039603864,0.12406914153748348,6
openml_1478,0.1189766501850511,0.0,79,0.7502465221359117,0.0,0.7502465221359117,0.2462080161607819,5
openml_36,0.11884701541078335,0.0,76,0.6586920138504109,0.0,0.6586920138504109,0.3654271524881821,5
openml_188,0.11520556104768759,0.0,72,0.2428875774095344,0.0,0.2428875774095344,0.09507355711124103,5
openml_1515,0.11463538197086312,0.0,76,0.3587233466259375,-0.0019567681808688,0.36068011480680634,0.05588880069175009,5
openml_1476,0.11012962478327419,0.09699819153349641,74,0.444446601450115,-0.0001097128407916,0.4445563142909066,0.20965264700353078,5
synth_blobs_large_2d,0.10490449720797373,0.056586079474132134,79,0.9515111159746548,0.0,0.9515111159746548,0.5921501098775194,5
openml_4534,0.10160395650410792,0.005641628339215894,73,0.2198491303199696,7.979132543890789e-05,0.2197693389945307,0.0599887126613843,5
synth_ellipsoidal_d3_k8,0.1001318759717218,0.0,79,0.8720383805177845,0.0,0.8720383805177845,0.5913120574670935,5
synth_nested_rings_5,0.09037448938015119,0.09037448938015119,79,0.8648961630101389,0.0,0.8648961630101389,0.3030576105102799,5
openml_458,0.08570752881501709,0.0513224927133753,91,0.9230976670873892,-0.0007384780402716,0.9238361451276608,0.37877332504833067,6
openml_61,0.08401858365763393,0.0,79,0.8984361033676299,0.0,0.8984361033676299,0.4883268432420775,5
synth_noisy_20pct_5d,0.0829357298114568,0.0,91,0.9868531273089772,0.0,0.9868531273089772,0.6239220823275218,6
openml_6,0.08291369963046456,0.03465175798058224,24,0.4557535071865021,0.0054058883409655,0.4503476188455366,0.153207167140601,3
synth_grid_d2_k6_medoverlap,0.08201588033995622,0.0,79,0.7931449999317801,0.0,0.7931449999317801,0.4496358785555394,5
openml_1501,0.08196200372231288,0.0,74,0.6367829847083412,0.0,0.6367829847083412,0.2708715978221979,5
openml_16,0.08109452384725457,0.0,79,0.7414713532930324,0.0,0.7414713532930324,0.32191868505497606,5
img_mnist_digits_5k,0.07850657840196934,0.07850657840196934,79,0.6597338480577412,0.0,0.6597338480577412,0.22329687422161423,5
openml_41143,0.07637055957483749,0.0,67,0.2465590452156504,-0.0012034383475767,0.24776248356322708,0.04709133961594403,5
openml_181,0.07346676112187686,0.0001865574834116479,91,0.3317315248985354,0.0,0.3317315248985354,0.09122801544203067,6
openml_1480,0.07103605387234971,0.0,79,0.1221300489393531,-0.0028945705209652,0.1250246194603183,0.034176227084467645,5
synth_ellipsoidal_d3_k3,0.07092535048614801,0.02215209090508019,79,0.9808276704935346,0.0,0.9808276704935346,0.5972812241985457,5
synth_imb_many_small_d5,0.06867860769108936,0.0,79,1.0,0.0,1.0,0.6205149606225077,5
openml_1590,0.06820475191862001,0.0,20,0.0906521297033689,0.0224473777847489,0.06820475191862001,0.049732620099188565,3
synth_blobs_50d_20k,0.0629390371795776,0.0,79,1.0,0.0,1.0,0.600637237490311,5
openml_679,0.0627825949055816,0.0,77,0.099378552126659,-0.0002258825096712,0.0996044346363302,0.047677604120942255,5
openml_1466,0.06215541791035606,0.0,70,0.9739225061366492,0.0,0.9739225061366492,0.46347893093254394,5
synth_spirals_3arms_n0.05,0.0619296166094885,0.0,79,0.1103992696413114,-0.0013412224947314,0.1117404921360428,0.046982891480822575,5
synth_swiss_roll_k3,0.060856217104168886,0.0,79,0.5701348300654309,0.0,0.5701348300654309,0.22386383509988036,5
openml_38,0.0579315829001025,0.0,79,0.0798231444504133,-0.0021607139429185,0.0819838583933318,0.023911593406133705,5
openml_37,0.057834040947614,0.014030016813793199,88,0.10899856421357,0.0,0.10899856421357,0.03439337118816722,6
openml_29,0.056433478093214,0.0,79,0.1337986334038258,0.0,0.1337986334038258,0.06525215419615163,5
synth_varying_density_5d,0.05614659554878387,0.034916975127530364,79,1.0,0.0,1.0,0.7253505731157456,5
openml_40536,0.05593511349855681,0.000344311837289211,74,0.0614577989821868,-0.0002997371056912,0.061757536087878,0.007706946006930557,5
openml_1038,0.05371080543836569,0.0,79,0.1428843662482961,-0.0012009896840413,0.1440853559323374,0.029512170100812803,5
openml_40979,0.05267260084532843,0.0,69,0.786297014124576,-6.041519689036371e-05,0.7863574293214664,0.34317276613595965,5
synth_aniso_10d_6k,0.044457935566408424,0.0,79,1.0,0.0,1.0,0.6885445388918051,5
openml_40975,0.04397036157674298,0.01836173121020314,72,0.1499903321234964,-0.0003716560926898,0.1503619882161862,0.08318620000682635,5
openml_1471,0.0429180715277534,0.0,58,0.0617010125760018,-0.0001308489602717,0.0618318615362735,0.009751320082629205,4
text_20ng_politics,0.042495000795090304,0.0,79,0.2691243348725666,0.0,0.2691243348725666,0.056128786378598375,5
openml_1475,0.042340240452086536,0.01713218602383755,69,0.131384150278558,-0.0002290281266866,0.13161317840524459,0.06442159196199658,5
openml_12,0.04055035516640345,0.011268467317492509,76,0.7760085077773033,0.0,0.7760085077773033,0.3610342902952838,5
openml_1596,0.03931719768745881,0.0,19,0.1958361916401356,0.0,0.1958361916401356,0.11409047200446165,2
synth_grid_d2_k3_medoverlap,0.03912843792898402,0.0,79,1.0,0.0,1.0,0.6630692021819345,5
openml_1494,0.03472690864604015,0.003065011560330247,76,0.1462647237145086,-0.0013239500402904,0.147588673754799,0.0652912862066659,5
synth_noisy_25pct_d10,0.03157734212602403,0.0,79,1.0,0.0,1.0,0.6124874725203134,5
synth_ellipsoidal_d10_k8,0.0315401469808112,0.0,79,1.0,0.0,1.0,0.669012584396408,5
openml_40478,0.03148360514580742,0.0,72,0.1585547266996991,0.0,0.1585547266996991,0.08017898788500183,5
openml_151,0.0313514006998402,0.0,21,0.0737673776359634,0.0026538512873658,0.0711135263485976,0.028679595578497002,3
openml_1558,0.030570700864999897,0.0,74,0.0674293151142613,-0.0003141371761208,0.0677434522903821,0.026854826333607508,5
text_20ng_comp,0.03022475810308889,0.0,79,0.1874914228538352,0.0,0.1874914228538352,0.0481804187085295,5
openml_6332,0.028594456543021497,0.010505988026352702,76,0.0640183313008155,-0.0031619817135878,0.06718031301440329,0.011476128195235712,5
openml_1067,0.0271802196173708,0.0,72,0.1024358586722648,0.0003260227478645,0.1021098359244003,0.06064483938282669,5
openml_1050,0.026300246383425097,0.0,67,0.0585136039015779,-0.004997564698947,0.0635111686005249,0.02082127557583493,5
synth_mixed_shapes_2d,0.026098208088435992,0.0,79,1.0,0.0,1.0,0.6436623300265351,5
openml_1049,0.026084682567704902,0.0,71,0.0573369728672164,-0.0011381718400521,0.0584751447072685,0.02453924948866137,5
openml_1486,0.02520491038268749,0.0,20,0.1920024703352885,0.0206992805242663,0.1713031898110222,0.10385438448039142,3
img_mnist_digits_2k,0.02406730757918507,0.03403631278828831,79,0.5856421177561831,0.0,0.5856421177561831,0.19394747051999228,5
synth_spirals_3arms_n0.20,0.023027339644156403,0.0,79,0.1129261494121921,-0.0013551658458349,0.114281315258027,0.04287007665059304,5
synth_blobs_varying_std,0.02291124719731019,0.0,91,0.8075453808650653,-0.0002474268512733,0.8077928077163387,0.5284050735322403,6
openml_40994,0.0224808044345485,0.0,79,0.0374067486617878,-0.0047567616130672,0.042163510274855,0.007265632944900881,5
synth_grid_d2_k10_highoverlap,0.022262028268795725,0.0007992124199666384,79,0.4274082673947355,-0.0001762058829725,0.427584473277708,0.22172803768900537,5
openml_4538,0.02211010069839824,0.003453761006376971,78,0.1003266370602395,-8.315054123647983e-05,0.10040978760147598,0.05119602070621953,5
synth_grid_d30_k6_medoverlap,0.021536337538620165,0.02006458172232861,79,1.0,0.0,1.0,0.6862403146170717,5
openml_32,0.021508797689236858,0.0,75,0.7928001802951208,0.0,0.7928001802951208,0.4146555829621759,5
synth_grid_d5_k3_lowoverlap,0.019396334347610233,0.0,79,1.0,0.0,1.0,0.7552136939282831,5
synth_grid_d30_k3_highoverlap,0.018913715594119584,0.0,79,1.0,0.0,1.0,0.6159110147890945,5
synth_grid_d30_k3_lowoverlap,0.018117359189973592,0.0,79,1.0,0.0,1.0,0.7032289711792732,5
openml_1485,0.01736420458948955,0.00592359468327225,76,0.0377977525232718,-0.0025517741223607,0.040349526645632496,0.005580728122575513,5
synth_varying_density_15d,0.017179647023240374,0.011125663062610425,79,1.0,0.0,1.0,0.6848869283373229,5
synth_grid_d2_k6_highoverlap,0.015857648413111103,0.0,79,0.6041867552299363,0.0,0.6041867552299363,0.3399036859470729,5
openml_23,0.015679174527977402,0.0,72,0.0418451501849744,-1.0308078108580812e-05,0.041855458263082984,0.01858378016031545,5
synth_noisy_15pct_d10,0.015136494750083773,0.015136494750083773,79,1.0,0.0,1.0,0.6293832497868541,5
openml_40668,0.015111056490971199,0.0,24,0.0181956225587823,0.0,0.0181956225587823,0.002934571939504841,3
synth_aniso_2d_4k,0.015001192345428849,0.0,79,1.0,0.0,1.0,0.7550931116741634,5
text_20ng_all,0.014294139155905605,0.0,79,0.2863387745623398,0.0,0.2863387745623398,0.06867635762929529,5
synth_grid_d2_k3_lowoverlap,0.013184095239889837,0.0,79,1.0,0.0,1.0,0.7588114630768603,5
openml_1169,0.0123322689370687,0.0,24,0.0134074787584462,0.0,0.0134074787584462,0.00464147238987266,3
openml_31,0.012257463864707201,0.0,74,0.0257661513670633,-0.0009557807213308,0.0267219320883941,0.009340985896959008,5
synth_grid_d5_k6_medoverlap,0.011235906168287402,0.0,79,1.0,0.0,1.0,0.7199301251281249,5
openml_1457,0.011228291044220906,0.0,79,0.2229262783186452,-2.273811162764199e-07,0.22292650569976147,0.05126241368895604,5
openml_1053,0.010888128242561898,0.0087096903795479,73,0.0541798334615173,0.0004299660097296,0.0537498674517877,0.026472919897764326,5
openml_469,0.010307254772748766,4.233220857548885e-06,73,0.0201384793096633,0.0,0.0201384793096633,0.010195210503702846,5
openml_1487,0.009443189073292398,0.0,79,0.042525799197107,-0.0005775428183078,0.0431033420154148,0.016063264444716896,5
img_fashion_mnist_5k,0.00931378865993826,0.0,79,0.5753440639193024,-0.0001150063605603,0.5754590702798627,0.18543870371905882,5
synth_ellipsoidal_d20_k3,0.008466048968418183,0.0,79,1.0,0.0,1.0,0.5637908807268135,5
synth_grid_d15_k10_lowoverlap,0.008061178717089224,0.0,79,1.0,0.0,1.0,0.7511604391074898,5
synth_noisy_10pct,0.007851119195704692,0.0,91,0.8885192367223688,0.0,0.8885192367223688,0.6171870626332923,6
synth_grid_d15_k3_highoverlap,0.007148163251204209,0.002372863094975808,79,1.0,0.0,1.0,0.5826802646354187,5
synth_ellipsoidal_d20_k8,0.006684977461955288,0.0064755536385803225,79,0.9980947902742312,0.0,0.9980947902742312,0.6235284674263281,5
openml_41027,0.006465827492646389,0.0,22,0.0833725680274398,-2.1226593793419386e-05,0.08339379462123321,0.030202712811187745,3
synth_grid_d5_k6_lowoverlap,0.005874698783826848,0.0,79,1.0,0.0,1.0,0.8027954992974815,5
synth_grid_d15_k10_highoverlap,0.005588650305194509,0.004208724601074909,79,1.0,0.0,1.0,0.6209321489468813,5
synth_grid_d15_k10_medoverlap,0.00397972585421158,0.0,79,1.0,0.0,1.0,0.6678122456294413,5
synth_ellipsoidal_d10_k5,0.003923940657830749,0.0,79,1.0,0.0,1.0,0.6683703120081634,5
synth_blobs_30d_10k,0.0034452619818116093,0.0,79,1.0,0.0,1.0,0.6795633521053028,5
openml_40685,0.003414104273545937,0.0,23,0.635886258422319,0.0096784680954207,0.6262077903268983,0.36105615417765413,3
synth_grid_d5_k10_medoverlap,0.00336710289869524,0.0,79,0.939816968462282,0.0,0.939816968462282,0.5596056610375358,5
synth_blobs_large_20d,0.0033669141521029955,0.0,79,1.0,0.0,1.0,0.6524515879185687,5
synth_grid_d15_k6_highoverlap,0.003333038172291025,0.003333038172291025,79,0.9955835585455568,0.0,0.9955835585455568,0.5861721956673295,5
synth_grid_d30_k6_lowoverlap,0.002937349391913424,0.002937349391913424,79,1.0,0.0,1.0,0.7366798213707754,5
openml_4135,0.0028698027207868003,0.0,24,0.0075009812638942,-6.83741556340776e-05,0.007569355419528277,0.002163930951522512,3
synth_grid_d30_k10_lowoverlap,0.001990411934693792,0.001990411934693792,79,1.0,0.0,1.0,0.7411356960014004,5
synth_blobs_overlap_10d,0.0015430579441751968,0.0,91,1.0,0.0,1.0,0.6895298060124063,6
synth_grid_d30_k10_medoverlap,0.0015304904550688114,0.0,79,1.0,0.0,1.0,0.6700974413156184,5
openml_18,0.0014985645638951883,0.0014985645638951883,73,0.6942443876579246,0.0,0.6942443876579246,0.49456712409751546,5
openml_23381,0.00089445539897135,0.0008417108204906499,77,0.0005722269593919,-0.0032480022319838,0.0038202291913757,-0.0007718850922464011,5
openml_23517,8.953338370630001e-05,0.0,26,0.0005430512955255,-0.000508902689032,0.0010519539845575,0.00016222684707146745,3
openml_1063,7.327173931220843e-05,0.0,77,0.196288386624729,0.0079728307385502,0.1883155558861788,0.09572010411623041,5
synth_imb_moderate_d5,0.0,0.0,79,1.0,0.0,1.0,0.6155934374527928,5
synth_blobs_highd_100,0.0,0.0,91,1.0,0.0,1.0,0.6509113028041206,6
synth_grid_d2_k10_lowoverlap,0.0,0.0,79,0.9553943777511236,0.0,0.9553943777511236,0.701050433858363,5
synth_blobs_5d_k4,0.0,0.0,79,1.0,0.0,1.0,0.7272001233882441,5
synth_imb_one_large_10d,0.0,0.0,91,1.0,-0.0030769277232579,1.0030769277232578,0.6249741968789044,6
openml_22,0.0,0.0,79,0.5951770275256206,0.0,0.5951770275256206,0.2366627328394175,5
synth_imb_extreme_d15,0.0,0.0,79,1.0000000000000002,0.0,1.0000000000000002,0.5066014766841428,5
synth_nested_rings_3,0.0,0.0,79,1.0,-0.0009796138888226,1.0009796138888225,0.3726050599823043,5
synth_grid_d30_k3_medoverlap,0.0,0.0,79,1.0,0.0,1.0,0.6150983604602092,5
synth_elongated_10d,0.0,0.0,91,1.0,0.0,1.0,0.7118993722242776,6
synth_blobs_5d_k12,0.0,0.0,79,0.9952047755111249,0.0,0.9952047755111249,0.708325910560611,5
synth_subspace_2of50,0.0,0.0,79,0.9729362941108513,-0.0009673133743359,0.9739036074851871,0.1443334088535484,5
synth_blobs_well_separated,0.0,0.0,91,1.0,0.0,1.0,0.794979822747456,6
openml_40927,0.0,0.0,26,0.1118386076841646,0.0,0.1118386076841646,0.0477054724108868,3
synth_imb_many_small_d15,0.0,0.0,79,1.0,0.0,1.0,0.5597665572202783,5
synth_blobs_highd_50,0.0,0.0,91,1.0,0.0,1.0,0.6944630634801812,6
synth_circles_n0.10_f0.3,0.0,0.0,91,1.0,-0.0009768380085368,1.0009768380085369,0.43184262998632605,6
synth_density_varying_d5,0.0,0.0,79,0.9719468106827684,0.0,0.9719468106827684,0.6797387283044557,5
synth_subspace_3of100,0.0,0.0,79,0.8858700266445734,-0.0004913367020381,0.8863613633466114,0.13291088497161097,5
openml_14,0.0,0.0,79,0.5975908617461352,0.0,0.5975908617461352,0.26601843671845354,5
synth_varying_density_2d,0.0,0.0,79,0.8294029640009495,-1.7434968734558397e-05,0.829420398969684,0.5088338419031968,5
